{"cameraMode":{"drawMode":0,"name":"Shaded","section":"Shading Mode"},"sceneLighting":true,"audioPlay":false,"sceneViewState":{"showFog":true,"showMaterialUpdate":true,"showSkybox":true,"showFlares":true,"showImageEffects":true,"showParticleSystems":true},"in2DMode":false,"pivot":{"x":-1.927245020866394,"y":-1.1019442081451417,"z":-5.22077751159668},"rotation":{"x":0.23580649495124818,"y":-0.21930725872516633,"z":0.054715339094400409,"w":0.9451485872268677},"size":8.688979148864746,"orthographic":false}