{"cameraMode":{"drawMode":0,"name":"Shaded","section":"Shading Mode"},"sceneLighting":false,"audioPlay":true,"sceneViewState":{"showFog":true,"showMaterialUpdate":true,"showSkybox":false,"showFlares":true,"showImageEffects":true,"showParticleSystems":true},"in2DMode":false,"pivot":{"x":0.5766146183013916,"y":1.3005003929138184,"z":-0.42052581906318667},"rotation":{"x":0.16579632461071015,"y":-0.20688779652118684,"z":0.03560113534331322,"w":0.9635651707649231},"size":2.144163131713867,"orthographic":false}